Temperature,Luminosity,Infrared,Distance,PIR,Humidity,CreatedAt,Source
24.77,63.96,0,400,0,11,01/03/2020 10:22:01,FlashLight
24.77,64.06,0,55,0,11,01/03/2020 10:22:02,FlashLight
24.77,64.06,0,71.52,0,11,01/03/2020 10:22:03,FlashLight
24.44,63.18,0,56,1,11,01/03/2020 10:22:04,FlashLight
24.12,69.14,0,64,1,11,01/03/2020 10:22:05,FlashLight
23.8,65.62,0,33,1,11,01/03/2020 10:22:06,FlashLight
23.8,66.41,0,32,1,11,01/03/2020 10:22:07,FlashLight
24.77,68.85,0,34,1,11,01/03/2020 10:22:08,FlashLight
24.77,69.14,0,65,1,11,01/03/2020 10:22:09,FlashLight
24.44,67.58,0,32,1,11,01/03/2020 10:22:10,FlashLight
23.8,61.91,0,56,1,12,01/03/2020 10:22:11,FlashLight
24.12,54.79,0,43,1,12,01/03/2020 10:22:12,FlashLight
23.48,90.33,0,11.61,1,12,01/03/2020 10:22:13,FlashLight
24.44,100,0,10.78,1,12,01/03/2020 10:22:14,FlashLight
24.12,100,0,43,1,12,01/03/2020 10:22:15,FlashLight
23.48,83.59,0,76,1,12,01/03/2020 10:22:16,FlashLight
24.12,79.49,0,22,1,12,01/03/2020 10:22:17,FlashLight
23.48,84.18,0,34,1,12,01/03/2020 10:22:18,FlashLight
24.77,88.38,0,400,0,12,01/03/2020 10:22:19,FlashLight
23.48,87.6,0,25,0,12,01/03/2020 10:22:20,FlashLight
23.48,79,0,54,1,12,01/03/2020 10:22:21,FlashLight
23.48,84.67,0,54,1,12,01/03/2020 10:22:22,FlashLight
23.48,87.6,0,400,1,12,01/03/2020 10:22:23,FlashLight
24.77,60.94,0,78.83,1,12,01/03/2020 10:22:24,FlashLight
23.48,95.31,0,73.24,1,13,01/03/2020 10:22:25,FlashLight
23.48,92.77,0,73.64,1,13,01/03/2020 10:22:26,FlashLight
23.48,93.16,0,73.86,1,13,01/03/2020 10:22:27,FlashLight
23.48,84.77,0,33,1,13,01/03/2020 10:22:28,FlashLight
23.8,88.67,0,34,1,13,01/03/2020 10:22:29,FlashLight
24.77,87.11,0,68.15,1,13,01/03/2020 10:22:30,FlashLight
24.77,86.23,0,66.11,1,13,01/03/2020 10:22:31,FlashLight
24.44,84.77,0,66.15,0,13,01/03/2020 10:22:32,FlashLight
24.77,82.13,0,66.19,1,13,01/03/2020 10:22:33,FlashLight
24.77,83.3,0,64.68,1,13,01/03/2020 10:22:34,FlashLight
24.77,81.35,0,73.78,0,13,01/03/2020 10:22:35,FlashLight
24.44,89.55,0,68.42,0,13,01/03/2020 10:22:36,FlashLight
24.44,95.61,0,69.64,0,13,01/03/2020 10:22:37,FlashLight
24.77,94.43,0,68.61,0,13,01/03/2020 10:22:38,FlashLight
24.77,89.26,0,67.07,0,13,01/03/2020 10:22:39,FlashLight
24.12,84.77,0,67.14,0,13,01/03/2020 10:22:40,FlashLight
24.44,83.5,0,68.91,0,13,01/03/2020 10:22:41,FlashLight
24.44,82.32,0,55,0,13,01/03/2020 10:22:42,FlashLight
23.48,83.69,0,63.88,0,11,01/03/2020 10:22:43,FlashLight
24.12,81.54,0,37.69,0,11,01/03/2020 10:22:44,FlashLight
24.44,80.27,0,65,1,11,01/03/2020 10:22:45,FlashLight
24.12,77.05,0,55,1,11,01/03/2020 10:22:46,DayLight
23.48,25.59,94.63,19.84,1,11,01/03/2020 10:22:47,Infrared
24.12,34.18,95.51,12,1,11,01/03/2020 10:22:48,Infrared
24.44,24.9,77.83,11,1,11,01/03/2020 10:22:49,Infrared
24.14,42.87,0,6.79,1,11,01/03/2020 10:22:50,DayLight
24.14,40.82,0,8.79,1,11,01/03/2020 10:22:51,FlashLight
24.14,50.29,0,8.52,1,11,01/03/2020 10:22:52,FlashLight
24.14,100,0,400,0,12,01/03/2020 10:22:53,FlashLight
24.14,100,0,7.48,0,12,01/03/2020 10:22:54,FlashLight
24.14,62.4,0,8.8,0,12,01/03/2020 10:22:55,FlashLight
24.82,50.49,0,8.84,0,12,01/03/2020 10:22:56,FlashLight
24.14,50.1,0,9.42,0,12,01/03/2020 10:22:57,FlashLight
24.63,4.1,0,400,0,12,01/03/2020 10:22:58,DayLight
24.63,5.37,0,400,0,12,01/03/2020 10:22:59,DayLight
24.63,4,0,400,0,12,01/03/2020 10:23:00,DayLight
24.63,4.2,0,200,0,12,01/03/2020 10:23:01,DayLight
24.63,4.1,0,400,0,12,01/03/2020 10:23:02,DayLight
24.63,4.2,0,400,0,12,01/03/2020 10:23:03,DayLight
24.63,4.1,0,154.51,0,12,01/03/2020 10:23:04,DayLight
24.63,4.1,0,400,1,12,01/03/2020 10:23:05,DayLight
24.63,4.1,0,111,1,12,01/03/2020 10:23:06,DayLight
24.6,6.05,0,111,0,13,01/03/2020 10:23:07,DayLight
24.63,4.1,0,400,0,13,01/03/2020 10:23:08,DayLight
24.31,3.91,0,5.13,0,13,01/03/2020 10:23:09,DayLight
23.63,4.1,0,400,0,13,01/03/2020 10:23:10,DayLight
23.63,4.1,0,400,0,13,01/03/2020 10:23:11,DayLight
23.63,4.1,0,400,0,13,01/03/2020 10:23:12,DayLight
23.63,5.47,0,400,0,13,01/03/2020 10:23:13,DayLight
23.63,4.3,0,400,0,13,01/03/2020 10:23:14,DayLight
23.63,4.3,0,400,0,13,01/03/2020 10:23:15,DayLight
23.63,4.1,0,400,0,13,01/03/2020 10:23:16,DayLight
23.63,4.1,0,400,0,13,01/03/2020 10:23:17,DayLight
64.05,97.46,96,14,1,13,01/03/2020 10:23:18,DayLight
112,82.32,95.21,34,1,13,01/03/2020 10:23:19,Lighter
131,66.8,86.72,5.12,0,13,01/03/2020 10:23:20,Lighter
144,100,96.48,15,1,13,01/03/2020 10:23:21,Lighter
121,100,95.7,16,1,13,01/03/2020 10:23:22,Lighter
111,100,96.78,22,0,13,01/03/2020 10:23:23,Lighter
101,100,96.09,24,0,13,01/03/2020 10:23:24,Lighter
84.71,100,95.51,6.34,0,11,01/03/2020 10:23:25,Lighter
70.85,100,95.31,14,0,11,01/03/2020 10:23:26,Lighter
90.83,100,93.65,17,0,11,01/03/2020 10:23:27,Lighter
92.12,100,94.43,21,0,11,01/03/2020 10:23:28,Lighter
98.24,100,94.34,22,0,11,01/03/2020 10:23:29,Lighter
87.29,100,93.85,23,0,11,01/03/2020 10:23:30,Lighter
22,18.75,55,99,0,11,11/05/2020 15:13:30,Infrared
23,21.58,70.51,122,0,11,11/05/2020 15:13:31,Infrared
23,21.97,72.27,400,1,11,11/05/2020 15:13:32,Infrared
22,18.36,11.72,201,1,11,11/05/2020 15:13:33,Infrared
23,18.07,25,111,1,12,11/05/2020 15:13:34,Infrared
22,21,51.56,55,1,12,11/05/2020 15:13:35,Infrared
23,23.44,93.95,66,1,12,11/05/2020 15:13:36,Infrared
22,22.75,93.55,12,1,12,11/05/2020 15:13:37,Infrared
23,19.14,93.36,44,1,12,11/05/2020 15:13:38,Infrared
23,21.09,94.34,104,1,12,11/05/2020 15:13:39,Infrared
28.96,6.54,0,18.78,0,12,11/05/2020 15:13:40,DayLight
24.28,14.45,0,17.49,0,12,11/05/2020 15:13:41,FlashLight
23.96,9.08,0,154.89,0,12,11/05/2020 15:13:42,FlashLight
23.96,7.71,0,155.39,0,12,11/05/2020 15:13:43,FlashLight
23.96,8.98,0,400,0,12,11/05/2020 15:13:44,FlashLight
23.96,10.64,0,154.98,0,12,11/05/2020 15:13:45,FlashLight
23.28,9.08,0,14.8,0,12,11/05/2020 15:13:46,FlashLight
23.28,30.47,0,154.91,0,12,11/05/2020 15:13:47,FlashLight
23.28,26.46,0,155.8,0,13,11/05/2020 15:13:48,FlashLight
23.28,39.94,0,155.79,0,13,11/05/2020 15:13:49,FlashLight
23.28,45.51,0,12.08,0,13,11/05/2020 15:13:50,FlashLight
23.28,54.1,0,156.99,0,13,11/05/2020 15:13:51,FlashLight
23.28,55.57,0,156.15,1,13,11/05/2020 15:13:52,FlashLight
23.28,57.32,0,9.62,1,13,11/05/2020 15:13:53,FlashLight
23.28,66.5,0,11.26,1,13,11/05/2020 15:13:54,FlashLight
23.28,69.04,0,10.39,1,13,11/05/2020 15:13:55,FlashLight
23.28,60.25,0,10.11,1,13,11/05/2020 15:13:56,FlashLight
23.96,59.18,0,9.34,1,13,11/05/2020 15:13:57,FlashLight
23.28,61.62,0,10.37,1,13,11/05/2020 15:13:58,FlashLight
23.28,100,0,6.39,1,13,11/05/2020 15:13:59,FlashLight
23.28,86.91,0,6.14,0,13,11/05/2020 15:14:00,FlashLight
24.92,45.7,0,6.45,1,13,11/05/2020 15:14:01,FlashLight
24.31,37.99,0,154.1,1,13,11/05/2020 15:14:02,FlashLight
24.77,18.55,0,400,0,13,11/05/2020 15:14:03,DayLight
24.12,24.9,0,400,0,13,11/05/2020 15:14:04,DayLight
24.44,24.41,0,400,0,13,11/05/2020 15:14:05,DayLight
24.44,25.49,0,400,0,11,11/05/2020 15:14:06,DayLight
24.44,25.39,0,400,0,11,11/05/2020 15:14:07,DayLight
24.44,25.49,0,400,0,11,11/05/2020 15:14:08,DayLight
24.44,25.88,0,400,0,11,11/05/2020 15:14:09,DayLight
24.44,25.98,0,194.66,0,11,11/05/2020 15:14:10,DayLight
24.44,25.88,0,193.78,0,11,11/05/2020 15:14:11,DayLight
24.44,25.98,0,194.64,0,11,11/05/2020 15:14:12,DayLight
24.44,26.46,0,400,1,11,11/05/2020 15:14:13,DayLight
24.44,26.46,0,193.73,1,11,11/05/2020 15:14:14,DayLight
24.12,25.88,0,400,1,11,11/05/2020 15:14:15,DayLight
24.44,26.56,0,400,1,12,11/05/2020 15:14:16,DayLight
24.77,25.59,0,400,1,12,11/05/2020 15:14:17,DayLight
24.77,26.46,0,400,1,12,11/05/2020 15:14:18,DayLight
132.4,100,41.31,4,1,12,11/05/2020 15:14:19,Lighter
115,100,43.85,23,1,12,11/05/2020 15:14:20,Lighter
109.52,100,49.22,21,0,12,11/05/2020 15:14:21,Lighter
94.05,100,49.71,21,0,12,11/05/2020 15:14:22,Lighter
96.63,100,45.9,32,0,12,11/05/2020 15:14:23,Lighter
99.53,100,42.97,12,0,12,11/05/2020 15:14:24,Lighter
27.67,73.63,0,65,0,12,11/05/2020 15:14:25,DayLight
27.67,73.05,0,34,0,12,11/05/2020 15:14:26,FlashLight
27.34,72.95,0,23,0,12,11/05/2020 15:14:27,FlashLight
27.67,75.59,0,400,0,12,11/05/2020 15:14:28,FlashLight
27.34,73.73,0,23,0,12,11/05/2020 15:14:29,FlashLight
27.34,75.29,0,45,0,13,11/05/2020 15:14:30,FlashLight
27.67,76.17,0,67,0,13,11/05/2020 15:14:31,FlashLight
27.34,73.63,0,45,0,13,11/05/2020 15:14:32,FlashLight
27.67,75,0,67,1,13,11/05/2020 15:14:33,FlashLight
27.99,74.51,0,78,1,13,11/05/2020 15:14:34,FlashLight
28.63,74.9,0,89,1,13,11/05/2020 15:14:35,FlashLight
27.34,74.32,0,43,0,13,11/05/2020 15:14:36,FlashLight
27.34,74.61,0,54,1,13,11/05/2020 15:14:37,FlashLight
27.34,73.54,0,76,1,13,11/05/2020 15:14:38,FlashLight
27.34,71.48,0,87,0,13,11/05/2020 15:14:39,FlashLight
27.34,73.34,0,54,0,13,11/05/2020 15:14:40,FlashLight
27.34,73.83,0,32,0,13,11/05/2020 15:14:41,FlashLight
27.34,71.88,0,43,0,13,11/05/2020 15:14:42,FlashLight
27.67,73.24,0,193.4,0,13,11/05/2020 15:14:43,FlashLight
27.34,72.27,0,33,0,13,11/05/2020 15:14:44,FlashLight
27.34,71.97,0,55,0,13,11/05/2020 15:14:45,FlashLight
27.67,71.78,0,44,0,13,11/05/2020 15:14:46,FlashLight
27.34,70.31,0,66,0,13,11/05/2020 15:14:47,FlashLight
27.34,69.82,0,77,0,11,11/05/2020 15:14:48,FlashLight
27.34,70.7,0,88,1,11,11/05/2020 15:14:49,FlashLight
27.34,70.02,0,44,1,11,11/05/2020 15:14:50,FlashLight
23,36.52,95.41,32,1,11,12/07/2020 21:04:12,Infrared
32,35.84,95.41,21,0,11,12/07/2020 21:04:13,Infrared
22,36.62,95.41,56,1,11,12/07/2020 21:04:14,Infrared
32,35.16,95.31,22,1,11,12/07/2020 21:04:15,Infrared
23,35.06,95.12,78,0,11,12/07/2020 21:04:16,Infrared
32,35.45,94.92,22,0,11,12/07/2020 21:04:17,Infrared
22,34.86,94.92,32,0,11,12/07/2020 21:04:18,Infrared
32,35.94,94.92,22,0,12,12/07/2020 21:04:19,Infrared
24.77,18.55,0,400,0,12,12/07/2020 21:04:20,DayLight
24.12,24.9,0,400,0,12,12/07/2020 21:04:21,DayLight
24.44,24.41,0,193.72,0,12,12/07/2020 21:04:22,DayLight
24.44,25.49,0,193.75,0,12,12/07/2020 21:04:23,DayLight
24.44,25.39,0,400,0,12,12/07/2020 21:04:24,DayLight
24.44,25.49,0,400,0,12,12/07/2020 21:04:25,DayLight
24.44,25.88,0,400,1,12,12/07/2020 21:04:26,DayLight
24.44,25.98,0,400,1,12,12/07/2020 21:04:27,DayLight
27.67,76.17,0,34,1,12,12/07/2020 21:04:28,DayLight
27.34,73.63,0,45,1,12,12/07/2020 21:04:29,FlashLight
27.67,75,0,56,1,12,12/07/2020 21:04:30,FlashLight
27.99,74.51,0,67,1,12,12/07/2020 21:04:31,FlashLight
28.63,74.9,0,23,1,12,12/07/2020 21:04:32,FlashLight
27.34,74.32,0,34,1,13,12/07/2020 21:04:33,FlashLight
27.34,74.61,0,45,0,13,12/07/2020 21:04:34,FlashLight
27.34,73.54,0,56,0,13,12/07/2020 21:04:35,FlashLight
27.34,71.48,0,67,0,13,12/07/2020 21:04:36,FlashLight
27.34,73.34,0,78,0,13,12/07/2020 21:04:37,FlashLight
27.34,73.83,0,89,0,13,12/07/2020 21:04:38,FlashLight
27.34,71.88,0,23,0,13,12/07/2020 21:04:39,FlashLight
27.67,73.24,0,34,0,13,12/07/2020 21:04:40,FlashLight
27.34,72.27,0,45,0,13,12/07/2020 21:04:41,FlashLight
27.34,71.97,0,56,0,13,12/07/2020 21:04:42,FlashLight
27.67,71.78,0,67,0,13,12/07/2020 21:04:43,FlashLight
27.34,70.31,0,12,0,13,12/07/2020 21:04:44,FlashLight
27.34,69.82,0,23,0,13,12/07/2020 21:04:45,FlashLight
27.34,70.7,0,400,1,13,12/07/2020 21:04:46,FlashLight
29,70.02,0,45,1,13,12/07/2020 21:04:47,FlashLight
22,36.52,95.41,56,1,13,12/07/2020 21:04:48,Infrared
23,35.84,95.41,67,0,13,12/07/2020 21:04:49,Infrared
23,36.62,44,99,1,13,12/07/2020 21:04:50,Infrared
22,35.16,95.31,32,1,11,12/07/2020 21:04:51,Infrared
22,35.06,23,199,0,11,12/07/2020 21:04:52,Infrared
23,35.45,94.92,76,0,11,12/07/2020 21:04:53,Infrared
23,34.86,22,193.4,0,11,12/07/2020 21:04:54,Infrared
25.09,35.94,94.92,193.4,0,11,12/07/2020 21:04:55,Infrared
24.44,25.49,0,193.73,0,11,12/07/2020 21:04:56,DayLight
24.44,25.78,0,400,0,11,12/07/2020 21:04:57,DayLight
24.44,25.68,0,400,0,11,12/07/2020 21:04:58,DayLight
24.44,25.78,0,400,0,11,12/07/2020 21:04:59,DayLight
95.66,100,42.97,22,0,11,12/07/2020 21:05:00,Lighter
88.9,100,42.38,21,0,12,12/07/2020 21:05:01,Lighter
88.25,100,42.38,17,1,12,12/07/2020 21:05:02,Lighter
86.96,100,39.26,18,1,12,12/07/2020 21:05:03,Lighter
27.34,75.78,0,45,1,12,12/07/2020 21:05:04,FlashLight
27.34,74.02,0,56,1,12,12/07/2020 21:05:05,FlashLight
30.89,26.86,94.24,67,1,12,12/07/2020 21:05:06,Infrared
30.89,24.41,93.75,78,1,12,12/07/2020 21:05:07,Infrared
23,26.76,94.14,23,1,12,12/07/2020 21:05:08,Infrared
25,35.74,95.12,24,1,12,12/07/2020 21:05:09,Infrared
25,36.52,95.21,23,0,12,12/07/2020 21:05:10,Infrared
25.09,35.74,95.02,45,0,12,12/07/2020 21:05:11,Infrared
101.79,100,45.9,12,0,12,12/07/2020 21:05:12,Lighter
98.24,100,50.68,15,0,12,12/07/2020 21:05:13,Lighter
95.02,100,42.38,17,0,12,12/07/2020 21:05:14,Lighter
24.44,25.88,0,400,0,13,12/07/2020 21:05:15,DayLight
24.44,25.98,0,400,0,13,12/07/2020 21:05:16,DayLight
24.44,26.46,0,193.75,0,13,12/07/2020 21:05:17,DayLight
24.44,26.46,0,400,0,13,12/07/2020 21:05:18,DayLight
24.12,25.88,0,400,0,13,12/07/2020 21:05:19,DayLight
24.44,26.56,0,400,0,13,12/07/2020 21:05:20,DayLight
24.77,25.59,0,400,0,13,12/07/2020 21:05:21,DayLight
24.77,26.46,0,194.58,1,13,12/07/2020 21:05:22,DayLight
132.4,100,41.31,12,1,13,03/08/2020 15:06:03,DayLight
115,100,43.85,15,0,13,03/08/2020 15:06:04,Lighter
109.52,100,49.22,13,1,13,03/08/2020 15:06:05,Lighter
94.05,100,49.71,15,1,13,03/08/2020 15:06:06,Lighter
96.63,100,45.9,14,0,13,03/08/2020 15:06:07,Lighter
99.53,100,42.97,22,0,13,03/08/2020 15:06:08,Lighter
27.67,73.63,0,67,0,13,03/08/2020 15:06:09,DayLight
27.67,73.05,0,78,0,13,03/08/2020 15:06:10,FlashLight
27.34,72.95,0,56,0,13,03/08/2020 15:06:11,FlashLight
27.67,75.59,0,34,0,13,03/08/2020 15:06:12,FlashLight
27.34,73.73,0,32,0,11,03/08/2020 15:06:13,FlashLight
27.34,75.29,0,23,0,11,03/08/2020 15:06:14,DayLight
24.77,11.82,0,400,0,11,03/08/2020 15:06:15,DayLight
25.09,12.11,0,400,0,11,03/08/2020 15:06:16,DayLight
25.09,12.01,0,400,1,11,03/08/2020 15:06:17,DayLight
25.09,12.11,0,400,1,11,03/08/2020 15:06:18,DayLight
25.09,12.01,0,400,1,11,03/08/2020 15:06:19,DayLight
24.77,12.21,0,400,1,11,03/08/2020 15:06:20,DayLight
25.09,11.33,0,400,1,11,03/08/2020 15:06:21,DayLight
25.09,13.09,0,400,1,11,03/08/2020 15:06:22,DayLight
25.09,11.91,0,400,1,12,03/08/2020 15:06:23,DayLight
24.44,11.72,0,400,1,12,03/08/2020 15:06:24,DayLight
25.09,12.11,0,400,0,12,03/08/2020 15:06:25,DayLight
25.09,12.3,0,400,0,12,03/08/2020 15:06:26,DayLight
25.09,10.94,0,400,0,12,03/08/2020 15:06:27,DayLight
25.41,11.91,0,400,0,12,03/08/2020 15:06:28,DayLight
25.09,11.04,0,400,0,12,03/08/2020 15:06:29,DayLight
25.41,11.82,0,400,0,12,03/08/2020 15:06:30,DayLight
25.41,11.43,0,400,0,12,03/08/2020 15:06:31,DayLight
25.41,11.33,0,400,0,12,03/08/2020 15:06:32,DayLight
25.09,11.82,0,400,0,12,03/08/2020 15:06:33,DayLight
24.77,10.74,0,400,0,12,03/08/2020 15:06:34,DayLight
25.41,9.28,0,400,0,12,03/08/2020 15:06:35,DayLight
24.77,11.91,0,400,0,12,03/08/2020 15:06:36,DayLight
25.09,11.91,0,400,0,13,03/08/2020 15:06:37,DayLight
25.09,12.11,0,92.82,0,13,03/08/2020 15:06:38,DayLight
25.09,12.11,0,400,0,13,03/08/2020 15:06:39,DayLight
25.09,11.82,0,77.05,0,13,03/08/2020 15:06:40,DayLight
25.09,12.11,0,400,0,13,03/08/2020 15:06:41,DayLight
25.09,12.6,0,400,1,13,03/08/2020 15:06:42,DayLight
25.09,11.91,0,400,0,13,03/08/2020 15:06:43,DayLight
25.09,11.13,0,77.03,0,13,03/08/2020 15:06:44,DayLight
25.09,12.11,0,400,0,13,03/08/2020 15:06:45,DayLight
25.09,11.91,0,400,0,13,03/08/2020 15:06:46,DayLight
25.09,13.18,0,400,0,13,03/08/2020 15:06:47,DayLight
25.09,11.91,0,400,0,13,03/08/2020 15:06:48,DayLight
24.77,12.5,0,400,1,13,03/08/2020 15:06:49,DayLight
24.77,12.3,0,400,0,13,03/08/2020 15:06:50,DayLight
25.09,12.4,0,400,0,13,03/08/2020 15:06:51,DayLight
25.09,11.91,0,400,0,13,03/08/2020 15:06:52,DayLight
25.09,12.11,0,400,0,13,03/08/2020 15:06:53,DayLight
25.09,12.3,0,400,0,13,03/08/2020 15:06:54,DayLight
24.77,13.48,0,400,0,11,03/08/2020 15:06:55,DayLight
25.09,12.11,0,400,0,11,03/08/2020 15:06:56,DayLight
25.09,12.21,0,400,0,11,03/08/2020 15:06:57,DayLight
24.77,12.4,0,400,0,11,03/08/2020 15:06:58,DayLight
24.77,11.43,0,400,0,11,03/08/2020 15:06:59,DayLight
25.09,12.99,0,400,0,11,03/08/2020 15:07:00,DayLight
25.09,12.3,0,55,0,11,03/08/2020 15:07:01,DayLight
25.09,12.11,0,400,0,11,03/08/2020 15:07:02,DayLight
25.09,12.3,0,400,0,11,03/08/2020 15:07:03,DayLight
25.09,12.21,0,400,0,11,03/08/2020 15:07:04,DayLight
25.09,12.11,0,400,0,12,03/08/2020 15:07:05,DayLight
25.09,12.01,0,400,0,12,03/08/2020 15:07:06,DayLight
25.09,12.3,0,55,0,12,03/08/2020 15:07:07,DayLight
25.09,12.21,0,400,0,12,03/08/2020 15:07:08,DayLight
25.09,12.4,0,400,1,12,03/08/2020 15:07:09,DayLight
25.09,12.01,0,400,1,12,03/08/2020 15:07:10,DayLight
24.44,12.4,0,400,0,12,03/08/2020 15:07:11,DayLight
24.77,12.5,0,400,1,12,03/08/2020 15:07:12,DayLight
25.09,12.6,0,343,1,12,03/08/2020 15:07:13,DayLight
25.09,12.5,0,400,0,12,03/08/2020 15:07:14,DayLight
24.77,12.5,0,400,0,12,03/08/2020 15:07:15,DayLight
24.77,17.48,0,400,0,12,03/08/2020 15:07:16,DayLight
24.77,8.2,0,400,0,12,03/08/2020 15:07:17,DayLight
25.09,12.4,0,400,0,12,03/08/2020 15:07:18,DayLight
25.09,12.79,0,400,0,13,03/08/2020 15:07:19,DayLight
25.09,12.6,0,400,0,13,03/08/2020 15:07:20,DayLight
25.09,12.3,0,400,0,13,03/08/2020 15:07:21,DayLight
24.77,12.6,0,400,0,13,03/08/2020 15:07:22,DayLight
24.44,12.6,0,89.11,0,13,03/08/2020 15:07:23,DayLight
24.77,14.06,0,400,1,13,03/08/2020 15:07:24,DayLight
24.77,13.96,0,400,1,13,03/08/2020 15:07:25,DayLight
25.09,12.89,0,400,1,13,03/08/2020 15:07:26,DayLight
56.03,100,95.31,22,1,13,03/08/2020 15:07:27,DayLight
112,100,95.21,21,1,13,03/08/2020 15:07:28,Lighter
131,100,95.21,21,1,13,03/08/2020 15:07:29,Lighter
144,100,95.31,22,1,13,03/08/2020 15:07:30,Lighter
121,100,95.31,21,1,13,03/08/2020 15:07:31,Lighter
111,100,93.46,16,0,13,03/08/2020 15:07:32,Lighter
101,100,92.97,19,0,13,03/08/2020 15:07:33,Lighter
47.97,100,93.26,19,0,13,03/08/2020 15:07:34,Lighter
50.87,100,95.12,22,0,13,03/08/2020 15:07:35,Lighter
33.79,100,93.55,22,0,13,03/08/2020 15:07:36,Lighter
34.43,100,94.43,22,0,11,03/08/2020 15:07:37,Lighter
32.82,100,95.02,22,0,11,03/08/2020 15:07:38,Lighter
112,100,94.92,15,0,11,03/08/2020 15:07:39,Lighter
131,100,94.43,22,0,11,03/08/2020 15:07:40,Lighter
144,100,91.5,21,0,11,03/08/2020 15:07:41,Lighter
121,100,93.16,21,0,11,03/08/2020 15:07:42,Lighter
111,100,93.65,22,0,11,03/08/2020 15:07:43,Lighter
101,100,95.31,16,0,11,03/08/2020 15:07:44,Lighter
76.65,100,93.36,18,1,11,03/08/2020 15:07:45,Lighter
69.56,100,94.63,16,1,11,03/08/2020 15:07:46,Lighter
58.6,100,95.21,19,1,12,03/08/2020 15:07:47,Lighter
74.07,100,94.34,15,0,12,03/08/2020 15:07:48,Lighter
42.81,100,93.26,22,1,12,03/08/2020 15:07:49,Lighter
100.82,100,95.61,8,1,12,03/08/2020 15:07:50,Lighter
56.03,100,92.29,12,0,12,03/08/2020 15:07:51,Lighter
32.18,100,95.31,33,0,12,03/08/2020 15:07:52,Lighter
47.97,100,94.43,23,0,12,03/08/2020 15:07:53,Lighter
81.48,100,93.46,15,0,12,03/08/2020 15:07:54,Lighter
55.7,100,94.82,22,0,12,03/08/2020 15:07:55,Lighter
111,100,95.21,7.1,0,12,03/08/2020 15:07:56,Lighter
88,100,94.53,23,0,12,03/08/2020 15:07:57,Lighter
131,100,95.02,23,0,12,03/08/2020 15:07:58,Lighter
88,100,93.55,32,0,12,03/08/2020 15:07:59,Lighter
121,100,94.53,7.96,0,12,03/08/2020 15:08:00,Lighter
111,100,91.89,23,1,13,03/08/2020 15:08:01,Lighter
33,100,91.7,41.84,1,13,03/08/2020 15:08:02,Lighter
36.37,100,94.92,46.4,1,13,03/08/2020 15:08:03,Lighter
38.95,100,95.12,21,1,13,03/08/2020 15:08:04,Lighter
99,100,92.58,8.4,1,13,03/08/2020 15:08:05,Lighter
35.08,100,94.04,19,1,13,03/08/2020 15:08:06,Lighter
88,100,92.38,7.16,1,13,03/08/2020 15:08:07,Lighter
50.55,100,91.21,21,1,13,03/08/2020 15:08:08,Lighter
108.55,100,93.16,7,0,13,03/08/2020 15:08:09,Lighter
90.83,100,92.48,12,0,13,03/08/2020 15:08:10,Lighter
66.98,100,93.07,32,0,13,03/08/2020 15:08:11,Lighter
65.37,100,93.16,43,0,13,03/08/2020 15:08:12,Lighter
85.67,100,92.38,40.68,0,13,03/08/2020 15:08:13,Lighter
36.37,100,94.92,42.18,0,13,03/08/2020 15:08:14,Lighter
97.28,100,93.26,19,0,13,03/08/2020 15:08:15,Lighter
74.72,100,95.02,400,0,13,03/08/2020 15:08:16,Lighter
68.59,100,94.92,33,0,13,03/08/2020 15:08:17,Lighter
95.34,100,94.73,7.9,0,13,03/08/2020 15:08:18,Lighter
89.54,100,95.31,12,0,11,03/08/2020 15:08:19,Lighter
48.94,100,93.26,7.56,0,11,03/08/2020 15:08:20,Lighter
90.19,100,95.41,17,1,11,03/08/2020 15:08:21,Lighter
82.77,100,94.14,6.25,1,11,03/08/2020 15:08:22,Lighter
73.43,100,95.31,22,1,11,03/08/2020 15:08:23,Lighter
47.32,100,94.34,28,1,11,03/08/2020 15:08:24,DayLight
32.5,4.59,0,400,0,11,03/08/2020 15:08:25,DayLight
32.5,4.49,0,400,1,11,03/08/2020 15:08:26,DayLight
32.18,25.1,0,400,0,11,03/08/2020 15:08:27,DayLight
32.5,19.43,0,400,0,11,03/08/2020 15:08:28,DayLight
32.18,54.3,0,400,0,12,03/08/2020 15:08:29,DayLight
32.18,54.39,0,54,1,12,03/08/2020 15:08:30,DayLight
32.18,55.37,0,43,0,12,09/09/2020 08:18:31,FlashLight
32.5,53.52,0,43,1,12,09/09/2020 08:18:32,FlashLight
32.5,52.44,0,50.44,1,12,09/09/2020 08:18:33,FlashLight
32.5,54.88,0,32,1,12,09/09/2020 08:18:34,FlashLight
32.18,52.05,0,50.82,0,12,09/09/2020 08:18:35,FlashLight
32.18,33.11,0,34,1,12,09/09/2020 08:18:36,FlashLight
32.5,59.57,0,21.35,1,12,09/09/2020 08:18:37,FlashLight
22,100,0,51.01,0,12,09/09/2020 08:18:38,FlashLight
32.18,42.97,0,54,0,12,09/09/2020 08:18:39,FlashLight
32.5,42.29,0,47.8,0,12,09/09/2020 08:18:40,FlashLight
32.18,46.19,0,50.02,0,12,09/09/2020 08:18:41,FlashLight
32.18,37.11,0,49.91,0,12,09/09/2020 08:18:42,FlashLight
32.5,57.03,0,65,0,13,09/09/2020 08:18:43,FlashLight
32.5,94.14,0,49.1,0,13,09/09/2020 08:18:44,FlashLight
34.11,82.81,0,53.59,0,13,09/09/2020 08:18:45,FlashLight
32.5,100,0,32,0,13,09/09/2020 08:18:46,FlashLight
32.5,36.82,0,23.36,0,13,09/09/2020 08:18:47,FlashLight
34.11,100,0,32,1,13,09/09/2020 08:18:48,FlashLight
32.18,33.59,0,22.17,1,13,09/09/2020 08:18:49,FlashLight
34.11,100,0,44,1,13,09/09/2020 08:18:50,FlashLight
32.18,42.29,0,25.41,1,13,09/09/2020 08:18:51,FlashLight
32.5,100,0,54,1,13,09/09/2020 08:18:52,FlashLight
32.5,34.67,0,49.57,1,13,09/09/2020 08:18:53,FlashLight
32.5,88.38,0,111,1,13,09/09/2020 08:18:54,FlashLight
32.18,48.24,0,22.17,1,13,09/09/2020 08:18:55,FlashLight
32.18,61.13,0,112,0,13,09/09/2020 08:18:56,FlashLight
32.18,68.46,0,28.33,0,13,09/09/2020 08:18:57,FlashLight
32.18,57.81,0,61.76,0,13,09/09/2020 08:18:58,FlashLight
32.5,95.31,0,113,0,13,09/09/2020 08:18:59,FlashLight
32.18,97.56,0,19.49,0,13,09/09/2020 08:19:00,FlashLight
32.5,74.41,0,57.95,0,11,09/09/2020 08:19:01,FlashLight
32.18,80.57,0,211,0,11,09/09/2020 08:19:02,FlashLight
32.5,88.28,0,60.42,0,11,09/09/2020 08:19:03,FlashLight
32.5,75.78,0,11,0,11,09/09/2020 08:19:04,FlashLight
32.18,58.2,0,20.8,0,11,09/09/2020 08:19:05,FlashLight
32.5,64.84,0,23,0,11,09/09/2020 08:19:06,FlashLight
32.5,85.84,0,62.4,0,11,09/09/2020 08:19:07,FlashLight
32.5,73.14,0,64.25,1,11,09/09/2020 08:19:08,FlashLight
32.5,91.31,0,64.26,1,11,09/09/2020 08:19:09,FlashLight
32.5,90.04,0,64.47,1,11,09/09/2020 08:19:10,FlashLight
32.5,79.79,0,64.22,1,12,09/09/2020 08:19:11,FlashLight
32.5,98.14,0,65.32,1,12,09/09/2020 08:19:12,FlashLight
32.5,72.07,0,64.47,1,12,09/09/2020 08:19:13,FlashLight
32.5,60.55,0,63.72,1,12,09/09/2020 08:19:14,FlashLight
32.5,63.96,0,64.98,0,12,09/09/2020 08:19:15,FlashLight
32.5,70.7,0,34,0,12,09/09/2020 08:19:16,FlashLight
32.5,64.94,0,17.1,1,12,09/09/2020 08:19:17,FlashLight
32.5,85.84,0,66.43,1,12,09/09/2020 08:19:18,FlashLight
32.5,85.16,0,66.31,1,12,09/09/2020 08:19:19,FlashLight
32.5,73.93,0,66.92,1,12,09/09/2020 08:19:20,FlashLight
32.5,76.76,0,400,1,12,09/09/2020 08:19:21,FlashLight
32.5,72.27,0,66.87,1,12,09/09/2020 08:19:22,FlashLight
32.5,69.24,0,65.89,1,12,09/09/2020 08:19:23,FlashLight
32.5,86.33,0,77,1,12,09/09/2020 08:19:24,FlashLight
32.18,78.81,0,19.25,1,13,09/09/2020 08:19:25,FlashLight
32.5,85.84,0,66,1,13,09/09/2020 08:19:26,FlashLight
32.18,100,0,16.5,1,13,09/09/2020 08:19:27,FlashLight
32.5,100,0,65.28,1,13,09/09/2020 08:19:28,FlashLight
32.5,72.07,0,66.73,0,13,09/09/2020 08:19:29,FlashLight
32.5,100,0,66.92,1,13,09/09/2020 08:19:30,FlashLight
32.5,79.69,0,65.26,1,13,09/09/2020 08:19:31,FlashLight
32.5,60.64,0,66.07,0,13,09/09/2020 08:19:32,FlashLight
32.5,91.41,0,66.28,0,13,09/09/2020 08:19:33,FlashLight
32.18,65.72,0,55,0,13,09/09/2020 08:19:34,FlashLight
32.5,61.33,0,22.83,0,13,09/09/2020 08:19:35,FlashLight
32.5,56.93,0,33,0,13,09/09/2020 08:19:36,FlashLight
32.5,43.65,0,4,0,13,09/09/2020 08:19:37,FlashLight
32.18,95.02,0,44,0,13,09/09/2020 08:19:38,FlashLight
32.18,71.48,0,13.73,0,13,09/09/2020 08:19:39,FlashLight
32.18,73.54,0,70.2,0,13,09/09/2020 08:19:40,FlashLight
32.18,72.66,0,55,0,13,09/09/2020 08:19:41,FlashLight
31.86,60.06,0,61.42,1,13,09/09/2020 08:19:42,FlashLight
31.86,56.35,0,61.91,1,11,09/09/2020 08:19:43,FlashLight
34.43,100,0,55,1,11,09/09/2020 08:19:44,FlashLight
34.43,100,0,61.46,1,11,09/09/2020 08:19:45,FlashLight
32,100,0,57.4,1,11,09/09/2020 08:19:46,FlashLight
32,100,0,59.4,1,11,09/09/2020 08:19:47,FlashLight
23,100,0,33,1,11,09/09/2020 08:19:48,FlashLight
23,100,0,49.92,1,11,09/09/2020 08:19:49,FlashLight
22,100,0,56.12,0,11,09/09/2020 08:19:50,FlashLight
23,100,0,22,0,11,09/09/2020 08:19:51,FlashLight
33.14,100,0,55.43,0,11,09/09/2020 08:19:52,FlashLight
32.5,100,0,32,0,12,09/09/2020 08:19:53,FlashLight
32.5,82.81,0,55.49,0,12,09/09/2020 08:19:54,FlashLight
32.5,83.69,0,58.3,0,12,09/09/2020 08:19:55,FlashLight
32.18,100,0,400,0,12,09/09/2020 08:19:56,FlashLight
32.5,100,0,56.06,0,12,09/09/2020 08:19:57,FlashLight
32.5,50.78,0,400,0,12,09/09/2020 08:19:58,FlashLight
32.5,72.75,0,348.63,0,12,09/09/2020 08:19:59,FlashLight
32.18,39.55,0,56.85,0,12,09/09/2020 08:20:00,FlashLight
31.86,42.68,0,61.78,0,12,09/09/2020 08:20:01,FlashLight
32.82,64.55,0,54.29,1,12,09/09/2020 08:20:02,FlashLight
32.82,89.06,0,54.26,1,12,09/09/2020 08:20:03,FlashLight
32.5,54.39,0,59.16,0,12,09/09/2020 08:20:04,FlashLight
32.5,54.79,0,59.11,1,12,09/09/2020 08:20:05,FlashLight
32.18,12.5,18.75,59.74,1,12,09/09/2020 08:20:06,DayLight
33,22.85,93.65,22,0,13,09/09/2020 08:20:07,DayLight
32.18,27.05,93.55,60.14,0,13,09/09/2020 08:20:08,Infrared
37,18.46,93.55,29,0,13,09/09/2020 08:20:09,Infrared
32.5,34.47,92.38,56.79,0,13,09/09/2020 08:20:10,Infrared
32,31.54,81.64,34,0,13,09/09/2020 08:20:11,Infrared
32.18,35.94,86.04,57.69,0,13,09/09/2020 08:20:12,Infrared
32,27.25,94.04,32,0,13,09/09/2020 08:20:13,Infrared
30.24,23.83,27.44,59.15,0,13,09/09/2020 08:20:14,Infrared
32.18,17.19,28.71,60.36,0,13,09/09/2020 08:20:15,Infrared
32.18,12.89,41.31,59.06,0,13,09/09/2020 08:20:16,Infrared
30.24,64.16,85.45,60.02,1,13,09/09/2020 08:20:17,Infrared
32.18,15.04,68.55,59.97,1,13,09/09/2020 08:20:18,Infrared
32.18,8.59,2.44,60.75,1,13,09/09/2020 08:20:19,Infrared
30.24,21.97,91.8,60.46,1,13,09/09/2020 08:20:20,Infrared
32.18,11.72,15.43,60.87,1,13,09/09/2020 08:20:21,Infrared
32,29.1,39.06,12,1,13,09/09/2020 08:20:22,Infrared
30.24,10.25,49.12,57.06,1,13,09/09/2020 08:20:23,Infrared
32.18,24.61,28.81,61.26,1,13,09/09/2020 08:20:24,Infrared
30.24,11.13,49.02,61.88,0,11,09/09/2020 08:20:25,Infrared
32,20.51,31.84,23,0,11,09/09/2020 08:20:26,Infrared
30.24,24.32,30.57,59.85,0,11,09/09/2020 08:20:27,Infrared
32,31.74,43.75,34,0,11,09/09/2020 08:20:28,Infrared
32,11.72,19.43,19.16,0,11,09/09/2020 08:20:29,Infrared
30.24,11.72,15.53,400,0,11,09/09/2020 08:20:30,Infrared
30.57,25.78,29.3,57.5,0,11,09/09/2020 08:20:31,Infrared
30.24,33.89,23.24,61.67,0,11,09/09/2020 08:20:32,Infrared
29.92,25.39,31.64,60.43,0,11,09/09/2020 08:20:33,Infrared
30.24,31.35,32.32,60.4,0,11,09/09/2020 08:20:34,Infrared
29.92,30.08,31.93,60.96,0,12,09/09/2020 08:20:35,Infrared
29.92,20.61,32.32,59.7,0,12,09/09/2020 08:20:36,Infrared
32.5,16.11,30.86,61.79,1,12,09/09/2020 08:20:37,Infrared
32,32.81,22.56,43,1,12,09/09/2020 08:20:38,Infrared
30.24,28.52,25.68,57.68,1,12,09/09/2020 08:20:39,Infrared
32,31.64,0.1,45,1,12,09/09/2020 08:20:40,Infrared
31.21,36.33,14.94,58.61,1,12,09/09/2020 08:20:41,Infrared
32,30.18,26.07,43,1,12,09/09/2020 08:20:42,Infrared
29.6,10.06,26.17,57.48,1,12,09/09/2020 08:20:43,Infrared
32,14.36,43.16,60.86,0,12,09/09/2020 08:20:44,Infrared
32,46.29,25.68,43,1,12,09/09/2020 08:20:45,Infrared
29.92,33.01,34.28,17.91,1,12,09/09/2020 08:20:46,Infrared
32,35.35,30.86,22,0,12,09/09/2020 08:20:47,Infrared
29.92,23.63,29.69,61.05,0,12,09/09/2020 08:20:48,Infrared
32,25.49,31.15,34,0,13,09/09/2020 08:20:49,Infrared
30.24,29.2,21.88,57.16,0,13,09/09/2020 08:20:50,Infrared
32,30.08,26.95,32,0,13,09/09/2020 08:20:51,Infrared
30.24,44.53,27.73,58.95,0,13,09/09/2020 08:20:52,Infrared
30.24,35.94,11.72,62.67,0,13,09/09/2020 08:20:53,Infrared
32,35.64,26.95,32,0,13,09/09/2020 08:20:54,Infrared
32,35.06,2.93,19.5,0,13,09/09/2020 08:20:55,Infrared
29.92,27.44,24.22,121,0,13,09/09/2020 08:20:56,Infrared
30.24,26.56,23.24,60.46,1,13,09/09/2020 08:20:57,DayLight
32.18,7.13,0,222,1,13,09/09/2020 08:20:58,DayLight
32.18,6.35,0,400,1,13,09/09/2020 08:20:59,DayLight
31.86,4.69,0,400,1,13,09/09/2020 08:21:00,DayLight
32.5,4.59,0,400,1,13,09/09/2020 08:21:01,DayLight
32.18,6.15,0,400,1,13,09/09/2020 08:21:02,DayLight
32.18,5.27,0,400,1,13,09/09/2020 08:21:03,DayLight
31.86,4.98,0,400,1,13,09/09/2020 08:21:04,DayLight
32.18,7.03,0,400,0,13,09/09/2020 08:21:05,DayLight
32.18,6.64,0,400,0,13,09/09/2020 08:21:06,DayLight
32.18,4.69,0,55,0,11,09/09/2020 08:21:07,DayLight
32.18,4.79,0,400,0,11,09/09/2020 08:21:08,DayLight
32.18,5.86,0,400,0,11,09/09/2020 08:21:09,DayLight
32.18,6.64,0,400,0,11,09/09/2020 08:21:10,DayLight
32.18,6.74,0,400,0,11,09/09/2020 08:21:11,DayLight
32.18,5.08,0,400,0,11,09/09/2020 08:21:12,DayLight
32.18,4.98,0,400,0,11,09/09/2020 08:21:13,DayLight
32.18,4.59,0,400,0,11,09/09/2020 08:21:14,DayLight
32.18,4.98,0,400,0,11,09/09/2020 08:21:15,DayLight
32.18,4.2,0,400,0,11,09/09/2020 08:21:16,DayLight
32.18,5.37,0,400,0,12,09/09/2020 08:21:17,DayLight
32.18,4.79,0,400,0,12,09/09/2020 08:21:18,DayLight
32.18,5.37,0,400,0,12,09/09/2020 08:21:19,DayLight
32.18,7.32,0,400,0,12,09/09/2020 08:21:20,DayLight
32.18,6.25,0,400,0,12,09/09/2020 08:21:21,DayLight
32.18,5.18,0,400,0,12,09/09/2020 08:21:22,DayLight
32.18,6.15,0,400,0,12,09/09/2020 08:21:23,DayLight
32.18,6.93,0,400,0,12,09/09/2020 08:21:24,DayLight
32.18,4.88,0,400,1,12,09/09/2020 08:21:25,DayLight
32.18,4.88,0,400,1,12,09/09/2020 08:21:26,DayLight
32.18,6.84,0,400,0,12,09/09/2020 08:21:27,DayLight
32.18,4.98,0,400,1,12,09/09/2020 08:21:28,DayLight
32.18,5.37,0,400,1,12,09/09/2020 08:21:29,DayLight
32.18,4.49,0,74.86,0,12,09/09/2020 08:21:30,DayLight
32.18,6.84,0,400,0,13,09/09/2020 08:21:31,DayLight
32.18,5.18,0,400,0,13,09/09/2020 08:21:32,DayLight
24.82,6.54,0,400,0,13,09/09/2020 08:21:33,DayLight
24.5,8.11,0,400,0,13,09/09/2020 08:21:34,DayLight
24.86,7.03,0,400,0,13,09/09/2020 08:21:35,DayLight
107.59,100,56,4.28,0,13,09/09/2020 08:21:36,Lighter
109.2,100,65,4.28,0,13,09/09/2020 08:21:37,Lighter
110.49,100,78,5.73,0,13,09/09/2020 08:21:38,Lighter
25,33.69,94.63,19.56,0,13,09/09/2020 08:21:39,Infrared
25,24.51,93.75,18.08,1,13,09/09/2020 08:21:40,Infrared
25,27.83,93.07,19.04,1,13,09/09/2020 08:21:41,Infrared
25.14,48.05,0,9.89,1,13,09/09/2020 08:21:42,FlashLight
25.82,48.05,0,9.85,1,13,09/09/2020 08:21:43,FlashLight
25.14,49.32,0,9.84,1,13,09/09/2020 08:21:44,FlashLight
25.63,4.2,0,154.49,1,13,09/09/2020 08:21:45,DayLight
25.63,4.1,0,400,1,13,09/09/2020 08:21:46,DayLight
88,100,96.48,12,1,13,09/09/2020 08:21:47,Lighter
78,100,95.9,15,0,13,09/09/2020 08:21:48,Lighter
24.38,18.26,33,154.89,0,11,09/09/2020 08:21:49,Infrared
23,19.73,95.21,21.85,0,11,09/09/2020 08:21:50,Infrared
24.28,44,0,153.22,0,11,10/10/2020 16:03:51,FlashLight
24.28,45,0,154.08,0,11,10/10/2020 16:03:52,FlashLight
23.63,4.1,0,400,0,11,10/10/2020 16:03:53,DayLight
23.63,4.2,0,400,0,11,10/10/2020 16:03:54,DayLight
23.96,4.1,0,400,0,11,10/10/2020 16:03:55,DayLight
52.16,100,94.53,22,0,11,10/10/2020 16:03:56,DayLight
36.37,100,93.55,7.52,0,11,10/10/2020 16:03:57,Lighter
32.18,55.08,94.34,22,0,11,10/10/2020 16:03:58,Lighter
75.68,100,94.63,22,0,12,10/10/2020 16:03:59,Lighter
44.75,88.77,94.92,21,1,12,10/10/2020 16:04:00,Lighter
36.37,100,95.12,22,1,12,10/10/2020 16:04:01,Lighter
119.51,100,95.8,17,1,12,10/10/2020 16:04:02,Lighter
91.15,100,95.51,19,1,12,10/10/2020 16:04:03,Lighter
88.9,100,95.41,22,1,12,10/10/2020 16:04:04,Lighter
63.12,100,95.51,23,1,12,10/10/2020 16:04:05,Lighter
102.43,100,93.65,14,1,12,10/10/2020 16:04:06,Lighter
153.35,100,94.82,13,1,12,10/10/2020 16:04:07,Lighter
157.22,100,94.53,12,1,12,10/10/2020 16:04:08,Lighter
89.22,100,93.07,22,0,12,10/10/2020 16:04:09,Lighter
32.5,100,95.21,32,1,12,10/10/2020 16:04:10,Lighter
81.81,100,93.65,12,1,12,10/10/2020 16:04:11,Lighter
61.83,100,91.02,12,0,12,10/10/2020 16:04:12,Lighter
96.31,100,91.41,9.47,0,13,10/10/2020 16:04:13,Lighter
32.5,100,93.36,24,0,13,10/10/2020 16:04:14,Lighter
35.4,100,92.68,29,0,13,10/10/2020 16:04:15,Lighter
35.4,100,95.31,33,0,13,10/10/2020 16:04:16,Lighter
36.69,100,95.21,34,0,13,10/10/2020 16:04:17,Lighter
36.37,100,95.21,32,0,13,10/10/2020 16:04:18,Lighter
43.13,100,92.97,23,0,13,10/10/2020 16:04:19,Lighter
36.69,100,92.58,28,0,13,10/10/2020 16:04:20,Lighter
99,100,93.95,12,0,13,10/10/2020 16:04:21,Lighter
45.07,100,95.41,23,1,13,10/10/2020 16:04:22,Lighter
121,100,92.77,7.91,1,13,10/10/2020 16:04:23,Lighter
44,100,92.87,22,1,13,10/10/2020 16:04:24,Lighter
112,100,67.09,6.76,1,13,10/10/2020 16:04:25,Lighter
36.69,100,95.41,32,1,13,10/10/2020 16:04:26,Lighter
34.76,100,94.04,10.77,1,13,10/10/2020 16:04:27,Lighter
34.43,100,93.95,33,1,13,10/10/2020 16:04:28,Lighter
44,100,95.41,22,1,13,10/10/2020 16:04:29,Lighter
111,100,95.41,6.76,0,13,10/10/2020 16:04:30,Lighter
44,100,95.21,22,0,11,10/10/2020 16:04:31,Lighter
37.01,100,94.53,44,0,11,10/10/2020 16:04:32,Lighter
35.72,100,95.31,33,0,11,10/10/2020 16:04:33,DayLight
31.53,59.86,0,25.22,0,11,10/10/2020 16:04:34,DayLight
32.5,61.62,0,25.47,0,11,10/10/2020 16:04:35,FlashLight
32.5,72.66,0,43,0,11,10/10/2020 16:04:36,FlashLight
32.5,54.69,0,58.89,0,11,10/10/2020 16:04:37,FlashLight
32.5,36.82,0,32,0,11,10/10/2020 16:04:38,FlashLight
32.5,83.01,0,24.47,0,11,10/10/2020 16:04:39,FlashLight
32.5,60.64,0,21,0,11,10/10/2020 16:04:40,FlashLight
32.5,56.74,0,35.34,0,12,10/10/2020 16:04:41,FlashLight
32.18,32.23,0,31.24,1,12,10/10/2020 16:04:42,FlashLight
32.5,48.83,0,21,1,12,10/10/2020 16:04:43,FlashLight
32.5,28.32,0,30.7,1,12,10/10/2020 16:04:44,FlashLight
32.18,41.6,0,61,1,12,10/10/2020 16:04:45,FlashLight
32.18,50.29,0,23,1,12,10/10/2020 16:04:46,FlashLight
32.18,42.58,0,58.1,1,12,10/10/2020 16:04:47,FlashLight
31.21,59.08,0,61.92,1,12,10/10/2020 16:04:48,FlashLight
31.86,29.39,0,60.21,1,12,10/10/2020 16:04:49,FlashLight
31.21,48.83,0,60.7,0,12,10/10/2020 16:04:50,FlashLight
31.86,45.12,0,45,1,12,10/10/2020 16:04:51,FlashLight
31.86,68.75,0,27.28,1,12,10/10/2020 16:04:52,FlashLight
31.21,63.77,0,43,0,12,10/10/2020 16:04:53,FlashLight
32.18,50,0,43.43,0,12,10/10/2020 16:04:54,FlashLight
31.53,86.72,0,43,0,13,10/10/2020 16:04:55,FlashLight
30.89,52.44,0,24.33,0,13,10/10/2020 16:04:56,FlashLight
31.86,48.54,0,61.12,0,13,10/10/2020 16:04:57,FlashLight
31.86,66.8,0,32,0,13,10/10/2020 16:04:58,FlashLight
31.86,85.06,0,25.27,0,13,10/10/2020 16:04:59,FlashLight
31.21,34.67,0,34,0,13,10/10/2020 16:05:00,FlashLight
30.89,73.44,0,24.32,0,13,10/10/2020 16:05:01,FlashLight
31.86,53.61,0,60.21,0,13,10/10/2020 16:05:02,FlashLight
31.21,70.7,0,43,1,13,10/10/2020 16:05:03,FlashLight
31.86,50.39,0,26.73,1,13,10/10/2020 16:05:04,FlashLight
31.86,49.12,0,32,1,13,10/10/2020 16:05:05,FlashLight
31.86,60.16,0,28.38,1,13,10/10/2020 16:05:06,FlashLight
32.5,52.83,0,34,1,13,10/10/2020 16:05:07,FlashLight
31.86,27.93,0,25.62,1,13,10/10/2020 16:05:08,FlashLight
32.18,17.68,0,59.21,1,13,10/10/2020 16:05:09,FlashLight
31.21,33.89,0,400,1,13,10/10/2020 16:05:10,FlashLight
31.21,32.42,0,23.01,0,13,10/10/2020 16:05:11,FlashLight
31.21,37.99,0,54,0,13,10/10/2020 16:05:12,FlashLight
31.21,42.58,0,19.6,0,11,10/10/2020 16:05:13,FlashLight
31.86,9.57,0,59.47,0,11,10/10/2020 16:05:14,FlashLight
31.21,5.47,0,60.47,0,11,10/10/2020 16:05:15,FlashLight
31.21,60.16,0,60.46,0,11,10/10/2020 16:05:16,FlashLight
31.21,56.64,0,54,0,11,10/10/2020 16:05:17,FlashLight
31.86,100,0,20.1,0,11,10/10/2020 16:05:18,FlashLight
32.18,78.91,0,32,0,11,10/10/2020 16:05:19,FlashLight
32.18,100,0,57.64,0,11,10/10/2020 16:05:20,FlashLight
31.53,71.09,0,32,0,11,10/10/2020 16:05:21,FlashLight
32.18,69.53,0,61.2,0,11,10/10/2020 16:05:22,FlashLight
31.21,72.27,0,21,1,12,10/10/2020 16:05:23,FlashLight
31.53,68.07,0,59.49,1,12,10/10/2020 16:05:24,FlashLight
31.86,57.52,0,32,0,12,10/10/2020 16:05:25,FlashLight
31.53,78.03,0,57.68,1,12,10/10/2020 16:05:26,FlashLight
31.86,65.82,0,43,1,12,10/10/2020 16:05:27,FlashLight
32.18,58.2,0,61.42,1,12,10/10/2020 16:05:28,FlashLight
30.89,74.41,0,54,1,12,10/10/2020 16:05:29,FlashLight
32.18,52.64,0,59.05,1,12,10/10/2020 16:05:30,FlashLight
31.21,87.5,0,61.45,1,12,10/10/2020 16:05:31,FlashLight
31.21,55.08,0,64.37,1,12,10/10/2020 16:05:32,FlashLight
31.86,100,0,32,1,12,10/10/2020 16:05:33,FlashLight
31.21,74.9,0,20.44,1,12,10/10/2020 16:05:34,FlashLight
31.21,69.14,0,32,1,12,10/10/2020 16:05:35,FlashLight
31.21,58.69,0,22.4,0,12,10/10/2020 16:05:36,FlashLight
31.86,68.46,0,60.77,1,13,10/10/2020 16:05:37,FlashLight
31.53,71.58,0,21,1,13,10/10/2020 16:05:38,FlashLight
31.21,77.83,0,58.82,0,13,10/10/2020 16:05:39,FlashLight
32.18,55.86,0,43,0,13,10/10/2020 16:05:40,FlashLight
31.86,83.69,0,22.42,0,13,10/10/2020 16:05:41,FlashLight
32.18,64.16,0,64.48,0,13,10/10/2020 16:05:42,FlashLight
32,19.34,91.31,43,0,13,10/10/2020 16:05:43,DayLight
32.5,28.52,43.85,52.37,0,13,10/10/2020 16:05:44,Infrared
32,41.7,93.65,21,0,13,10/10/2020 16:05:45,Infrared
30.24,11.52,1.95,54.18,0,13,10/10/2020 16:05:46,Infrared
30.24,5.18,3,65,0,13,10/10/2020 16:05:47,Infrared
32.5,50.88,57.81,52.51,0,13,10/10/2020 16:05:48,Infrared
32.5,37.89,71.09,45,1,13,10/10/2020 16:05:49,Infrared
32.5,12.6,76.46,53.76,1,13,10/10/2020 16:05:50,Infrared
30.24,33.59,36.82,65,1,13,10/10/2020 16:05:51,Infrared
32.5,25,33.89,56.2,1,13,10/10/2020 16:05:52,Infrared
30.24,63.96,93.46,45,1,13,10/10/2020 16:05:53,Infrared
32.5,22.75,89.94,56.2,1,13,10/10/2020 16:05:54,Infrared
30.24,58.69,92.97,59.69,1,11,10/10/2020 16:05:55,Infrared
30.24,55.57,50.68,55,1,11,10/10/2020 16:05:56,Infrared
30.24,54.2,0,55.05,0,11,10/10/2020 16:05:57,Infrared
30.24,34.77,0,66,0,11,10/10/2020 16:05:58,Infrared
30.24,44.53,10.74,55.44,0,11,10/10/2020 16:05:59,Infrared
32.5,27.44,33.69,54,0,11,10/10/2020 16:06:00,Infrared
32,48.54,26.37,12,0,11,10/10/2020 16:06:01,Infrared
30.24,29.3,60.55,65,0,11,10/10/2020 16:06:02,Infrared
32.18,32.23,46.09,56.59,0,11,10/10/2020 16:06:03,Infrared
32.18,24.9,37.5,54,0,11,10/10/2020 16:06:04,Infrared
32.5,28.81,8.98,56.18,0,12,10/10/2020 16:06:05,Infrared
32.5,52.83,21.78,45,0,12,10/10/2020 16:06:06,Infrared
30.24,26.17,46.29,57.48,0,12,10/10/2020 16:06:07,Infrared
30.24,21.78,65.92,34,0,12,10/10/2020 16:06:08,Infrared
30.24,41.89,12.5,57.2,1,12,10/10/2020 16:06:09,Infrared
30.24,29.69,46.88,34,1,12,10/10/2020 16:06:10,Infrared
32.18,38.67,20.61,59,0,12,10/10/2020 16:06:11,Infrared
30.24,31.64,42.19,54,1,12,10/10/2020 16:06:12,Infrared
32.18,32.23,30.86,57.72,1,12,10/10/2020 16:06:13,Infrared
32.18,29.59,43.85,34,0,12,10/10/2020 16:06:14,Infrared
32.18,30.96,48.63,60.05,0,12,10/10/2020 16:06:15,Infrared
30.24,27.05,33.2,43,0,12,10/10/2020 16:06:16,Infrared
30.24,27.34,35.84,60.11,0,12,10/10/2020 16:06:17,Infrared
30.24,26.27,32.42,54,0,12,10/10/2020 16:06:18,Infrared
30.24,18.65,36.72,60.04,0,13,10/10/2020 16:06:19,Infrared
32.18,30.08,49.22,65,0,13,10/10/2020 16:06:20,Infrared
30.24,30.96,38.18,57.5,0,13,10/10/2020 16:06:21,Infrared
30.24,32.71,12.11,76,0,13,10/10/2020 16:06:22,Infrared
32.18,38.96,16.31,55.94,0,13,10/10/2020 16:06:23,Infrared
32.18,29.79,49.61,61.57,1,13,10/10/2020 16:06:24,Infrared
32,41.31,13.87,22,1,13,10/10/2020 16:06:25,DayLight
32.18,6.64,0,400,1,13,10/10/2020 16:06:26,DayLight
32.18,4.39,0,400,1,13,10/10/2020 16:06:27,DayLight
32.18,6.05,0,400,1,13,10/10/2020 16:06:28,DayLight
32.18,5.86,0,400,1,13,10/10/2020 16:06:29,DayLight
32.18,5.76,0,400,1,13,10/10/2020 16:06:30,DayLight
32.18,6.64,0,400,1,13,10/10/2020 16:06:31,DayLight
32.18,6.45,0,400,0,13,10/10/2020 16:06:32,DayLight
32.18,6.15,0,400,0,13,10/10/2020 16:06:33,DayLight
32.18,4.39,0,400,0,13,10/10/2020 16:06:34,DayLight
32.18,5.76,0,400,0,13,10/10/2020 16:06:35,DayLight
32.18,5.27,0,400,0,13,10/10/2020 16:06:36,DayLight
32.18,6.64,0,75.12,0,11,10/10/2020 16:06:37,DayLight
32.18,6.64,0,400,0,11,10/10/2020 16:06:38,DayLight
32.18,4.98,0,400,0,11,10/10/2020 16:06:39,DayLight
32.18,6.05,0,74.18,0,11,10/10/2020 16:06:40,DayLight
32.18,6.25,0,400,0,11,10/10/2020 16:06:41,DayLight
32.18,4.69,0,400,0,11,10/10/2020 16:06:42,DayLight
32.18,6.25,0,400,0,11,10/10/2020 16:06:43,DayLight
32.18,4.3,0,400,0,11,10/10/2020 16:06:44,DayLight
32.18,6.25,0,400,0,11,10/10/2020 16:06:45,DayLight
32.18,4.39,0,400,0,11,10/10/2020 16:06:46,DayLight
32.18,4.3,0,70.24,0,12,10/10/2020 16:06:47,DayLight
32.18,6.54,0,82.61,0,12,10/10/2020 16:06:48,DayLight
32.18,4.49,0,400,0,12,10/10/2020 16:06:49,DayLight
32.18,4.1,0,66.13,0,12,10/10/2020 16:06:50,DayLight
32.18,5.18,0,76.24,0,12,10/10/2020 16:06:51,DayLight
32.18,6.25,0,76.22,0,12,10/10/2020 16:06:52,DayLight
32.18,4.98,0,400,1,12,10/10/2020 16:06:53,DayLight
32.18,4.69,0,400,1,12,10/10/2020 16:06:54,DayLight
32.18,5.66,0,400,0,12,10/10/2020 16:06:55,DayLight
32.18,4.39,0,400,1,12,10/10/2020 16:06:56,DayLight
32.18,6.64,0,400,1,12,10/10/2020 16:06:57,DayLight
32.18,4.1,0,400,0,12,10/10/2020 16:06:58,DayLight
32.18,4.88,0,400,0,12,10/10/2020 16:06:59,DayLight
32.18,6.64,0,400,0,12,10/10/2020 16:07:00,DayLight
32.18,4.49,0,400,0,13,10/10/2020 16:07:01,DayLight
32.18,5.96,0,70.36,0,13,10/10/2020 16:07:02,DayLight
32.18,5.08,0,400,0,13,10/10/2020 16:07:03,DayLight
32.18,4.49,0,400,0,13,10/10/2020 16:07:04,DayLight
32.18,6.54,0,400,0,13,10/10/2020 16:07:05,DayLight
32.18,5.08,0,400,0,13,10/10/2020 16:07:06,DayLight
32.18,4.98,0,400,0,13,10/10/2020 16:07:07,DayLight
32.18,5.76,0,400,1,13,10/10/2020 16:07:08,DayLight
32.18,6.05,0,78.93,1,13,10/10/2020 16:07:09,DayLight
32.18,5.86,0,77.67,1,13,10/10/2020 16:07:10,DayLight
32.18,4.2,0,71.72,1,13,10/10/2020 16:07:11,DayLight
32.18,6.35,0,400,1,13,10/10/2020 16:07:12,DayLight
31.86,4.2,0,400,1,13,10/10/2020 16:07:13,DayLight
32.18,4.39,0,75.51,1,13,10/10/2020 16:07:14,DayLight
32.18,7.62,0,400,1,13,10/10/2020 16:07:15,DayLight
32.5,5.96,0,400,0,13,10/10/2020 16:07:16,DayLight
32.18,5.57,0,400,0,13,10/10/2020 16:07:17,DayLight
32.18,18.16,0,107.1,0,13,10/10/2020 16:07:18,DayLight
32.18,14.55,0,400,0,11,10/10/2020 16:07:19,DayLight
32.18,19.73,0,400,0,11,10/10/2020 16:07:20,DayLight
32.18,5.96,0,70.74,0,11,10/10/2020 16:07:21,DayLight
32.18,11.04,0,400,0,11,10/10/2020 16:07:22,DayLight
34.76,9.47,0,70.31,0,11,10/10/2020 16:07:23,DayLight
44,54,14,24,0,11,11/11/2020 11:11:23,Lighter
45,55,15,25,0,11,11/11/2020 11:11:24,Lighter
44,54,17,24,0,11,11/11/2020 11:11:25,Lighter
43,55,16,23,0,11,11/11/2020 11:11:26,Lighter
47,56,15,23,1,11,11/11/2020 11:11:27,Lighter
46,57,14,24,1,12,11/11/2020 11:11:28,Lighter
50,52,13,27,0,12,11/11/2020 11:11:29,Lighter
45,54,12,26,1,12,11/11/2020 11:11:30,Lighter
44,53,13,21,1,12,11/11/2020 11:11:31,Lighter
43,56,14,22,0,12,11/11/2020 11:11:32,Lighter
46,54,15,23,0,12,11/11/2020 11:11:33,Lighter
42,53,16,24,0,12,11/11/2020 11:11:34,Lighter
43,56,17,23,0,12,11/11/2020 11:11:35,Lighter
44,55,18,28,0,12,11/11/2020 11:11:36,Lighter
45,60,17,29,0,12,11/11/2020 11:11:37,Lighter
45,59,15,21,0,12,11/11/2020 11:11:38,Lighter
43,54,13,19,0,12,11/11/2020 11:11:39,Lighter
44,51,15,31,0,12,11/11/2020 11:11:40,Lighter
44,52,13,32,0,12,11/11/2020 11:11:41,Lighter
43,54,14,22,1,13,11/11/2020 11:11:42,Lighter
43,54,20,23,1,13,11/11/2020 11:11:43,Lighter
46,54,13,25,1,13,11/11/2020 11:11:44,Lighter
45,55,17,24,1,13,11/11/2020 11:11:45,Lighter
45,56,18,26,1,13,11/11/2020 11:11:46,Lighter
25,45,15,50,1,13,12/11/2020 12:12:46,FlashLight
24,44,14,49,1,13,12/11/2020 12:12:47,FlashLight
23,46,13,48,1,13,12/11/2020 12:12:48,FlashLight
22,43,12,47,0,13,12/11/2020 12:12:49,FlashLight
21,47,16,46,0,13,12/11/2020 12:12:50,FlashLight
20,41,17,51,0,13,12/11/2020 12:12:51,FlashLight
26,48,18,52,0,13,12/11/2020 12:12:52,FlashLight
27,40,19,53,0,13,12/11/2020 12:12:53,FlashLight
28,49,19,54,0,13,12/11/2020 12:12:54,FlashLight
29,41,17,55,0,13,12/11/2020 12:12:55,FlashLight
30,48,14,47,0,13,12/11/2020 12:12:56,FlashLight
24,40,13,46,0,13,12/11/2020 12:12:57,FlashLight
23,49,12,51,0,13,12/11/2020 12:12:58,FlashLight
22,46,16,55,0,11,12/11/2020 12:12:59,FlashLight
21,43,14,47,0,11,12/11/2020 12:13:00,FlashLight
24,41,13,46,1,11,12/11/2020 12:13:01,FlashLight
26,48,18,49,1,11,12/11/2020 12:13:02,FlashLight
27,40,14,47,1,11,12/11/2020 12:13:03,FlashLight
28,41,13,46,1,11,12/11/2020 12:13:04,FlashLight
29,48,12,55,1,11,12/11/2020 12:13:05,FlashLight
24,40,16,47,0,11,12/11/2020 12:13:06,FlashLight
23,49,19,46,1,11,12/11/2020 12:13:07,FlashLight
22,43,18,47,1,11,12/11/2020 12:13:08,FlashLight
21,47,14,46,0,12,12/11/2020 12:13:09,FlashLight
24,41,13,51,0,12,12/11/2020 12:13:10,FlashLight
23,48,12,55,0,12,12/11/2020 12:13:11,FlashLight
22,40,16,47,0,12,12/11/2020 12:13:12,FlashLight
21,49,13,46,0,12,12/11/2020 12:13:13,FlashLight
27,44,14,49,0,12,12/11/2020 12:13:14,FlashLight
28,46,13,47,0,12,12/11/2020 12:13:15,FlashLight
29,43,12,46,0,12,12/11/2020 12:13:16,FlashLight
24,47,16,51,0,12,12/11/2020 12:13:17,FlashLight
25,20,20,50,0,12,09/07/2020 10:10:17,Infrared
23,19,25,48,1,12,09/07/2020 10:10:18,Infrared
22,18,16,46,1,12,09/07/2020 10:10:19,Infrared
20,23,19,52,1,12,09/07/2020 10:10:20,Infrared
23,22,18,53,1,12,09/07/2020 10:10:21,Infrared
22,20,23,54,1,13,09/07/2020 10:10:22,Infrared
20,23,22,51,1,13,09/07/2020 10:10:23,Infrared
16,22,20,49,1,13,09/07/2020 10:10:24,Infrared
19,20,23,47,1,13,09/07/2020 10:10:25,Infrared
22,16,22,45,0,13,09/07/2020 10:10:26,Infrared
21,19,20,49,0,13,09/07/2020 10:10:27,Infrared
20,18,16,47,0,13,09/07/2020 10:10:28,Infrared
19,23,19,45,0,13,09/07/2020 10:10:29,Infrared
23,19,23,54,0,13,09/07/2020 10:10:30,Infrared
18,18,22,51,0,13,09/07/2020 10:10:31,Infrared
23,23,20,49,0,13,09/07/2020 10:10:32,Infrared
22,22,23,49,0,13,09/07/2020 10:10:33,Infrared
20,20,22,47,0,13,09/07/2020 10:10:34,Infrared
23,23,20,45,0,13,09/07/2020 10:10:35,Infrared
22,22,16,54,0,13,09/07/2020 10:10:36,Infrared
20,16,19,51,0,13,09/07/2020 10:10:37,Infrared
16,19,23,49,1,13,09/07/2020 10:10:38,Infrared
19,18,22,47,1,13,09/07/2020 10:10:39,Infrared
26,23,20,49,0,11,09/07/2020 10:10:40,Infrared
23,19,16,47,1,11,09/07/2020 10:10:41,Infrared
22,18,19,45,1,11,09/07/2020 10:10:42,Infrared
20,23,18,49,0,11,09/07/2020 10:10:43,Infrared
23,22,23,47,0,11,09/07/2020 10:10:44,Infrared
22,20,22,45,0,11,09/07/2020 10:10:45,Infrared
20,23,20,54,0,11,09/07/2020 10:10:46,Infrared
16,22,16,51,0,11,09/07/2020 10:10:47,Infrared
19,20,19,49,0,11,09/07/2020 10:10:48,Infrared
40,25,10,50,0,11,08/08/2020 08:08:47,FlashLight
39,22,9,51,0,12,08/08/2020 08:08:48,Lighter
38,16,8,49,0,12,08/08/2020 08:08:49,Infrared
36,19,7,49,0,12,08/08/2020 08:08:50,FlashLight
37,18,6,47,1,12,08/08/2020 08:08:51,Lighter
41,23,8,45,1,12,08/08/2020 08:08:52,Infrared
43,19,11,54,1,12,08/08/2020 08:08:53,Lighter
42,18,12,51,1,12,08/08/2020 08:08:54,FlashLight
45,23,13,49,1,12,08/08/2020 08:08:55,Lighter
44,22,14,47,1,12,08/08/2020 08:08:56,Infrared
35,20,10,49,1,12,08/08/2020 08:08:57,FlashLight
38,23,8,47,1,12,08/08/2020 08:08:58,FlashLight
39,22,5,45,0,12,08/08/2020 08:08:59,Lighter
42,20,9,49,0,12,08/08/2020 08:09:00,Infrared
44,22,7,47,0,12,08/08/2020 08:09:01,FlashLight
45,16,9,45,0,13,08/08/2020 08:09:02,Lighter
41,19,8,54,0,13,08/08/2020 08:09:03,Infrared
47,18,7,51,0,13,08/08/2020 08:09:04,FlashLight
42,23,6,51,0,13,08/08/2020 08:09:05,Lighter
38,19,8,49,0,13,08/08/2020 08:09:06,FlashLight
37,18,11,49,0,13,08/08/2020 08:09:07,Lighter
39,23,12,47,0,13,08/08/2020 08:09:08,Infrared
47,22,13,45,0,13,08/08/2020 08:09:09,Lighter
42,20,14,54,0,13,08/08/2020 08:09:10,FlashLight
38,23,10,51,1,13,08/08/2020 08:09:11,Lighter
37,22,8,49,1,13,08/08/2020 08:09:12,Infrared
39,20,5,47,0,13,08/08/2020 08:09:13,FlashLight
44,23,9,49,1,13,08/08/2020 08:09:14,Lighter
45,22,7,47,1,13,08/08/2020 08:09:15,FlashLight
47,24,11,45,0,13,08/08/2020 08:09:16,Lighter
42,22,12,49,0,13,08/08/2020 08:09:17,Infrared
38,16,6,51,0,13,08/08/2020 08:09:18,Lighter
37,19,8,49,0,13,08/08/2020 08:09:19,Infrared
39,18,11,49,0,11,08/08/2020 08:09:20,FlashLight
39,23,12,47,0,11,08/08/2020 08:09:21,Lighter
42,19,13,45,0,11,08/08/2020 08:09:22,Infrared
44,22,14,54,0,11,08/08/2020 08:09:23,FlashLight
45,16,10,51,0,11,08/08/2020 08:09:24,Lighter
41,19,8,49,0,11,08/08/2020 08:09:25,Infrared
47,18,5,47,1,11,08/08/2020 08:09:26,FlashLight
42,23,9,49,1,11,08/08/2020 08:09:27,Lighter
38,19,7,47,1,11,08/08/2020 08:09:28,Infrared
37,18,9,45,1,11,08/08/2020 08:09:29,FlashLight
39,23,8,49,1,12,08/08/2020 08:09:30,FlashLight
39,22,7,47,1,12,08/08/2020 08:09:31,Lighter
42,20,6,45,1,12,08/08/2020 08:09:32,Infrared
44,23,8,54,1,12,08/08/2020 08:09:33,FlashLight
45,22,11,51,0,12,08/08/2020 08:09:34,Lighter
47,20,12,45,0,12,08/08/2020 08:09:35,Infrared
42,19,13,54,0,12,08/08/2020 08:09:36,FlashLight
38,22,14,51,0,12,08/08/2020 08:09:37,FlashLight
37,16,10,49,0,12,08/08/2020 08:09:38,Lighter
39,19,8,47,0,12,08/08/2020 08:09:39,Infrared
42,18,5,49,0,12,08/08/2020 08:09:40,FlashLight
44,23,9,47,0,12,08/08/2020 08:09:41,Lighter
45,19,7,45,0,12,08/08/2020 08:09:42,FlashLight
41,18,11,49,0,12,08/08/2020 08:09:43,FlashLight
47,23,12,51,0,13,08/08/2020 08:09:44,Lighter
42,22,11,49,0,13,08/08/2020 08:09:45,Infrared
38,20,12,49,1,13,08/08/2020 08:09:46,Lighter
37,23,13,47,0,13,08/08/2020 08:09:47,Infrared
39,22,14,45,1,13,08/08/2020 08:09:48,FlashLight
47,16,10,54,1,13,08/08/2020 08:09:49,Lighter
42,19,9,51,1,13,08/08/2020 08:09:50,Infrared
38,18,8,49,1,13,08/08/2020 08:09:51,FlashLight
37,23,7,51,1,13,08/08/2020 08:09:52,Lighter
39,19,6,49,1,13,08/08/2020 08:09:53,FlashLight
44,18,8,49,1,13,08/08/2020 08:09:54,Lighter
45,23,11,47,1,13,08/08/2020 08:09:55,Infrared
41,22,12,45,1,13,08/08/2020 08:09:56,FlashLight
47,20,13,54,1,13,08/08/2020 08:09:57,Lighter
42,23,14,51,1,13,08/08/2020 08:09:58,FlashLight
38,22,10,49,1,13,08/08/2020 08:09:59,Lighter
37,20,8,47,0,13,08/08/2020 08:10:00,Infrared
39,23,5,49,1,13,08/08/2020 08:10:01,FlashLight
38,19,9,47,1,13,08/08/2020 08:10:02,FlashLight
39,18,7,45,0,13,08/08/2020 08:10:03,Lighter
42,23,11,49,0,13,08/08/2020 08:10:04,Infrared
44,22,12,47,0,13,08/08/2020 08:10:05,FlashLight
45,20,6,51,0,13,08/08/2020 08:10:06,Lighter
41,22,8,49,0,13,08/08/2020 08:10:07,FlashLight
47,16,11,49,0,13,08/08/2020 08:10:08,Lighter
42,19,12,47,0,13,08/08/2020 08:10:09,Infrared
38,18,13,45,0,13,08/08/2020 08:10:10,FlashLight
37,23,14,54,0,13,08/08/2020 08:10:11,Lighter
39,19,10,51,0,13,08/08/2020 08:10:12,FlashLight
44,18,9,49,1,13,08/08/2020 08:10:13,Lighter
45,23,8,47,1,13,08/08/2020 08:10:14,Infrared
38,22,7,49,1,13,08/08/2020 08:10:15,FlashLight
39,20,6,47,1,13,08/08/2020 08:10:16,Lighter
42,23,8,45,1,13,08/08/2020 08:10:17,FlashLight
44,22,11,49,1,13,08/08/2020 08:10:18,Lighter
45,20,12,47,1,13,08/08/2020 08:10:19,FlashLight
41,23,13,45,1,13,08/08/2020 08:10:20,Lighter
47,22,14,51,0,13,08/08/2020 08:10:21,Infrared
42,20,10,49,0,13,08/08/2020 08:10:22,Lighter
38,22,8,49,0,13,08/08/2020 08:10:23,FlashLight
37,16,5,47,0,13,08/08/2020 08:10:24,Lighter
39,19,9,45,0,13,08/08/2020 08:10:25,Infrared
47,18,7,54,0,13,08/08/2020 08:10:26,Lighter
42,23,11,51,0,13,08/08/2020 08:10:27,Infrared
38,19,12,49,0,13,08/08/2020 08:10:28,FlashLight
37,18,13,47,0,13,08/08/2020 08:10:29,Lighter
39,23,14,49,0,13,08/08/2020 08:10:30,Infrared
42,22,10,47,0,13,08/08/2020 08:10:31,FlashLight
44,20,8,45,0,13,08/08/2020 08:10:32,FlashLight
45,23,5,49,1,13,08/08/2020 08:10:33,Lighter
41,22,9,47,1,13,08/08/2020 08:10:34,Infrared